City_ID,City,Lat,Lng,Max Temp,Humidity,Cloudiness,Wind Speed,Country,Date
0,anadyr,64.75,177.4833,28.9,74,20,6.71,RU,1681950320
1,vilyuchinsk,52.9306,158.4028,43.07,90,100,6.04,RU,1681950320
2,badger,64.8,-147.5333,39.07,41,20,0.0,US,1681950321
3,college,64.8569,-147.8028,39.15,41,20,0.0,US,1681950248
4,port-aux-francais,-49.35,70.2167,40.69,68,18,34.67,TF,1681950321
5,callao,-12.0667,-77.15,76.71,69,0,20.71,PE,1681950321
6,wailua homesteads,22.0669,-159.378,79.75,66,40,16.11,US,1681950322
7,yugorsk,61.3133,63.3319,23.54,90,85,5.01,RU,1681950322
8,blackmans bay,-43.0167,147.3167,59.13,78,97,7.36,AU,1681950323
9,port mathurin,-19.6833,63.4167,78.84,76,10,20.6,MU,1681950323
10,inirida,3.8653,-67.9239,78.35,76,92,1.95,CO,1681950323
11,ballarat east,-37.5592,143.8744,55.6,80,44,1.99,AU,1681950324
12,adamstown,-25.066,-130.1015,75.94,76,96,1.95,PN,1681950324
13,waitangi,-43.9535,-176.5597,63.82,89,94,10.0,NZ,1681950324
14,ushuaia,-54.8,-68.3,42.46,61,20,13.8,AR,1681950166
15,puerto ayora,-0.7393,-90.3518,74.55,100,100,4.0,EC,1681950171
16,grytviken,-54.2811,-36.5092,38.61,95,100,3.8,GS,1681950325
17,bamboo flat,11.7,92.7167,81.32,76,29,7.0,IN,1681950325
18,shalqar,47.8333,59.6,47.07,37,80,7.25,KZ,1681950326
19,piti village,13.4626,144.6933,85.69,69,53,17.96,GU,1681950326
20,chonchi,-42.6128,-73.8092,56.41,99,95,1.79,CL,1681950326
21,kirovsk,48.6375,38.6428,47.68,80,78,12.53,UA,1681950327
22,adrar,20.5022,-10.0711,80.01,20,100,7.23,MR,1681950327
23,port elizabeth,-33.918,25.5701,67.32,84,0,5.75,ZA,1681950074
24,west island,-12.1568,96.8225,80.58,94,40,12.66,CC,1681950328
25,chake chake,-5.2459,39.7666,76.82,91,75,9.24,TZ,1681950328
26,longyearbyen,78.2186,15.6401,12.04,79,20,4.61,SJ,1681950168
27,kuta,-8.7233,115.1723,82.35,83,40,5.99,ID,1681950330
28,kampene,-3.6,26.6667,69.28,99,99,1.1,CD,1681950330
29,tympaki,35.0729,24.7685,58.77,63,0,5.01,GR,1681950330
30,lira,2.235,32.9097,65.61,94,93,3.09,UG,1681950331
31,ribeira grande,38.5167,-28.7,53.78,72,70,4.0,PT,1681950331
32,ketchikan,55.3422,-131.6461,48.67,57,100,14.97,US,1681950331
33,oltinko'l,40.8011,72.1634,52.09,37,59,2.08,UZ,1681950332
34,keflavik,64.0049,-22.5624,46.31,100,75,21.85,IS,1681950332
35,sidareja,-7.4846,108.7923,78.85,88,80,0.45,ID,1681950332
36,port douglas,-16.4833,145.4667,79.95,73,28,9.93,AU,1681950333
37,gizo,-8.103,156.8419,82.72,64,35,3.29,SB,1681950333
38,georgetown,5.4112,100.3354,78.73,94,40,4.61,MY,1681950151
39,kodiak,57.79,-152.4072,44.11,57,100,9.22,US,1681950184
40,gunjur,13.2019,-16.7339,73.47,73,0,4.61,GM,1681950334
41,haiku-pauwela,20.9219,-156.3051,76.05,94,100,13.8,US,1681950334
42,edinburgh of the seven seas,-37.0676,-12.3116,65.08,81,100,25.81,SH,1681950334
43,qaqortoq,60.7167,-46.0333,31.53,92,83,2.08,GL,1681950189
44,thompson,55.7435,-97.8558,32.16,51,75,12.66,CA,1681950335
45,falam,22.9167,93.6833,63.43,55,0,3.2,MM,1681950335
46,puerto natales,-51.7236,-72.4875,46.2,81,78,10.33,CL,1681950243
47,hermanus,-34.4187,19.2345,56.8,60,100,9.22,ZA,1681950335
48,poxoreo,-15.8372,-54.3892,72.34,96,100,1.68,BR,1681950336
49,carnarvon,-24.8667,113.6333,73.89,44,78,16.24,AU,1681950336
50,korla,41.7597,86.1469,45.54,25,99,6.29,CN,1681950256
51,yellowknife,62.456,-114.3525,43.32,42,20,8.05,CA,1681950336
52,oranjemund,-28.55,16.4333,58.1,89,76,4.97,NA,1681950211
53,talnakh,69.4865,88.3972,7.21,96,95,7.4,RU,1681950197
54,coahuayana de hidalgo,18.7,-103.6583,82.33,59,27,6.04,MX,1681950337
55,crane,31.3974,-102.3501,89.06,7,0,16.51,US,1681950337
56,suwayr,30.1171,40.3893,74.34,28,76,8.93,SA,1681950337
57,ilulissat,69.2167,-51.1,23.02,80,100,3.44,GL,1681950181
58,wuhai,39.6647,106.8122,49.03,24,100,5.1,CN,1681950338
59,saldanha,-33.0117,17.9442,57.25,87,100,17.16,ZA,1681950338
60,la passe,45.5549,-0.8967,55.63,87,1,8.97,FR,1681950338
61,bethel,41.3712,-73.414,52.93,58,0,3.44,US,1681950338
62,papatowai,-46.5619,169.4708,59.34,69,63,1.14,NZ,1681950338
63,luganville,-15.5333,167.1667,83.55,72,90,6.33,VU,1681950338
64,saipan,15.1355,145.701,86.7,100,100,19.57,MP,1681950338
65,nova sintra,14.8667,-24.7167,68.83,76,96,16.62,CV,1681950339
66,stanley,54.868,-1.6985,42.89,94,0,4.61,GB,1681950339
67,mazagao,-0.115,-51.2894,80.65,93,99,2.55,BR,1681950339
68,ribeira brava,32.65,-17.0667,64.0,76,63,3.49,PT,1681950339
69,guihulngan,10.1214,123.2742,84.51,69,14,4.07,PH,1681950340
70,new norfolk,-42.7826,147.0587,60.3,82,100,1.99,AU,1681950163
71,dudinka,69.4058,86.1778,7.63,100,98,5.84,RU,1681950340
72,broken hill,-31.95,141.4333,57.09,52,0,17.67,AU,1681950170
73,ulladulla,-35.35,150.4667,62.76,72,94,9.66,AU,1681950340
74,olonkinbyen,70.9221,-8.7187,36.18,87,58,24.38,SJ,1681950340
75,iqaluit,63.7506,-68.5145,20.93,79,100,5.75,CA,1681950340
76,tazovsky,67.4667,78.7,5.76,99,93,4.74,RU,1681950341
77,kichmengskiy gorodok,59.9816,45.7854,36.03,93,3,3.24,RU,1681950072
78,albany,42.6001,-73.9662,39.34,70,93,8.59,US,1681950166
79,christchurch,-43.5333,172.6333,64.33,78,100,12.66,NZ,1681950341
80,port saint john's,-31.6229,29.5448,70.5,37,0,8.48,ZA,1681950341
81,petropavlovsk-kamchatsky,53.0452,158.6483,41.59,56,75,17.9,RU,1681950342
82,alofi,-19.0595,-169.9187,82.29,83,75,2.3,NU,1681950342
83,bilibino,68.0546,166.4372,29.86,84,100,3.2,RU,1681950342
84,margaret river,-33.95,115.0667,57.65,57,0,7.94,AU,1681950342
85,san antonio de pale,-1.4014,5.6325,82.76,82,99,9.66,GQ,1681950342
86,douentza,14.9951,-2.9517,86.4,8,86,3.85,ML,1681950342
87,bredasdorp,-34.5322,20.0403,61.27,67,100,4.74,ZA,1681950343
88,aasiaat,68.7098,-52.8699,5.02,93,76,2.55,GL,1681950343
89,trancas,-26.2314,-65.2803,59.72,68,0,1.32,AR,1681950343
90,urangan,-25.3,152.9,75.2,62,25,18.79,AU,1681950343
91,tual,-5.6667,132.75,82.9,72,48,9.4,ID,1681950343
92,crucecita,-28.95,-58.9833,61.47,50,1,6.82,AR,1681950343
93,puerto armuelles,8.2833,-82.8667,82.38,76,61,2.82,PA,1681950344
94,kerikeri,-35.2268,173.9474,70.92,96,90,1.01,NZ,1681950344
95,nar'yan-mar,67.6713,53.087,31.84,97,100,13.04,RU,1681950344
96,bonthe,7.5264,-12.505,81.48,83,39,3.96,SL,1681950344
97,lihue,21.9789,-159.3672,80.74,68,40,16.11,US,1681950345
98,kailua-kona,19.6406,-155.9956,75.51,93,100,31.07,US,1681950345
99,ladik,40.9106,35.8919,43.68,89,90,2.19,TR,1681950345
100,ust-nera,64.5667,143.2,19.02,88,100,8.72,RU,1681950345
101,zakynthos,37.7914,20.8953,55.63,78,0,7.31,GR,1681950345
102,sungailiat,-1.85,106.1333,78.31,89,100,4.18,ID,1681950346
103,saudarkrokur,65.7461,-19.6394,47.37,83,100,13.0,IS,1681950346
104,hohhot,40.8106,111.6522,44.91,29,0,2.24,CN,1681950346
105,sandnessjoen,66.0217,12.6316,43.65,89,98,1.99,NO,1681950346
106,zeya,53.75,127.2667,28.36,68,100,7.94,RU,1681950346
107,mineros,-17.1167,-63.2333,68.68,90,93,6.49,BO,1681950346
108,jamestown,42.097,-79.2353,44.24,61,0,9.22,US,1681950054
109,tukrah,32.5341,20.5791,57.94,74,0,4.85,LY,1681950347
110,mezhdurechenskiy,59.6,65.9333,27.48,68,8,6.22,RU,1681950347
111,whitehorse,60.7161,-135.0538,44.02,52,75,3.44,CA,1681950234
112,qoryooley,1.7878,44.53,81.03,77,92,5.77,SO,1681950347
113,palembang,-2.9167,104.7458,80.69,94,40,2.3,ID,1681950347
114,soledade,-28.8183,-52.5103,45.21,93,87,4.41,BR,1681950347
115,conceicao do araguaia,-8.2578,-49.2647,75.22,89,100,2.08,BR,1681950347
116,lorengau,-2.0226,147.2712,84.56,69,49,5.82,PG,1681950194
117,kingston,17.997,-76.7936,81.55,82,20,14.97,JM,1681950334
118,vorgashor,67.5833,63.95,18.64,97,100,8.21,RU,1681950348
119,puerto baquerizo moreno,-0.9,-89.6,79.25,78,69,4.59,EC,1681950348
120,udachny,66.4167,112.4,16.45,61,99,4.27,RU,1681950348
121,los alamos,35.8881,-106.307,61.65,15,0,20.71,US,1681950348
122,ishigaki,24.3448,124.1572,78.93,94,75,18.41,JP,1681950348
123,luanda,-8.8368,13.2343,75.2,94,75,4.61,AO,1681950349
124,ta`u,-14.2336,-169.5144,83.28,77,89,18.3,AS,1681950349
125,geraldton,-28.7667,114.6,68.41,37,7,17.27,AU,1681950349
126,kathleen,28.1209,-82.0231,78.33,52,20,10.36,US,1681950115
127,moyale,3.5167,39.0584,67.48,84,18,2.08,KE,1681950349
128,oriximina,-1.7656,-55.8661,76.41,90,91,3.22,BR,1681950349
129,isafjordur,66.0755,-23.124,46.2,96,100,9.06,IS,1681950349
130,raja,8.4596,25.678,84.13,44,91,5.28,SS,1681950350
131,nieuw amsterdam,5.8833,-55.0833,78.03,86,48,9.64,SR,1681950350
132,coquimbo,-29.9533,-71.3436,58.73,82,0,6.91,CL,1681950196
133,lincheng,19.9078,109.6858,81.63,82,47,3.04,CN,1681950350
134,sijunjung,-0.6876,100.9537,72.48,95,100,1.1,ID,1681950350
135,kayangel,8.0823,134.7173,84.16,73,7,10.33,PW,1681950351
136,klyuchi,52.2667,79.1667,19.15,83,6,6.82,RU,1681950351
137,hamilton,39.1834,-84.5333,75.97,41,0,9.22,US,1681950351
138,bikin,46.8161,134.26,48.24,74,100,13.33,RU,1681950351
139,plettenberg bay,-34.0527,23.3716,64.33,72,99,5.26,ZA,1681950351
140,salida,37.7058,-121.0849,65.97,37,0,11.5,US,1681950351
141,riyadh,24.6877,46.7219,66.34,57,87,3.44,SA,1681950351
142,arraial do cabo,-22.9661,-42.0278,75.58,84,100,8.66,BR,1681950072
143,kavaratti,10.5669,72.642,83.59,71,14,7.7,IN,1681950352
144,kununurra,-15.7667,128.7333,80.58,36,10,19.57,AU,1681950352
145,tacoronte,28.4769,-16.4102,59.83,81,100,10.36,ES,1681950352
146,arkhangel'sk,64.5401,40.5433,35.71,100,100,6.71,RU,1681950255
147,nazca,-14.8333,-74.95,71.64,65,55,5.64,PE,1681950352
148,atafu village,-8.5421,-172.5159,83.05,69,96,3.11,TK,1681950353
149,cerqueira cesar,-23.0356,-49.1661,55.8,78,8,6.42,BR,1681950353
150,san ignacio,17.1561,-89.0714,82.94,57,71,9.62,BZ,1681950353
151,walvis bay,-22.9575,14.5053,65.37,68,2,15.88,NA,1681950353
152,filey,54.21,-0.2892,44.29,89,1,3.0,GB,1681950353
153,nyurba,63.2842,118.3319,21.83,86,83,5.12,RU,1681950353
154,mokopane,-24.1944,29.0097,55.09,61,0,5.61,ZA,1681950354
155,st. john's,47.5649,-52.7093,35.67,95,100,17.27,CA,1681950153
156,sept-iles,50.2001,-66.3821,35.06,98,100,5.75,CA,1681950171
157,constantia,44.1833,28.65,50.7,94,100,13.11,RO,1681950354
158,port shepstone,-30.7414,30.455,68.47,36,0,8.61,ZA,1681950354
159,tolanaro,-25.0319,46.9987,75.27,88,20,9.22,MG,1681950354
160,santa elena de uairen,4.6167,-61.1333,73.85,69,42,1.97,VE,1681950134
161,freetown,8.484,-13.2299,80.31,78,20,9.22,SL,1681950256
162,zaozersk,69.4005,32.4476,37.69,92,100,22.44,RU,1681950355
163,oban,56.4127,-5.4706,44.28,70,0,6.8,GB,1681950355
164,morondava,-20.2833,44.2833,76.28,78,1,1.68,MG,1681950355
165,khandyga,62.6667,135.6,28.27,87,100,4.03,RU,1681950355
166,netishyn,50.34,26.6417,47.26,87,93,6.93,UA,1681950355
167,lai,9.3952,16.2989,90.21,35,76,4.12,TD,1681950355
168,pingshan,22.9938,114.7131,73.53,92,100,1.66,CN,1681950355
169,misratah,32.3754,15.0925,65.82,65,88,18.1,LY,1681950355
170,hasaki,35.7333,140.8333,68.29,88,100,4.29,JP,1681950356
171,lockwood,45.8191,-108.4149,38.64,83,100,24.16,US,1681950356
172,borogontsy,62.6683,131.1683,28.2,90,100,4.38,RU,1681950356
173,papao,-17.75,-149.55,87.48,79,94,15.52,PF,1681950356
174,tabou,4.423,-7.3528,78.96,86,78,2.26,CI,1681950356
175,el alto,-4.2714,-81.2147,77.16,76,94,11.21,PE,1681950356
176,itapira,-22.4361,-46.8217,61.07,86,77,3.51,BR,1681950356
177,keelung,25.1283,121.7419,80.06,88,100,14.5,TW,1681950357
178,tura,25.5198,90.2201,75.06,83,9,7.83,IN,1681950357
179,ulsteinvik,62.3432,5.8487,45.75,83,22,1.01,NO,1681950357
180,tidjikja,18.5564,-11.4271,84.24,18,82,8.99,MR,1681950172
181,mokhsogollokh,61.4681,128.9203,25.7,91,100,8.46,RU,1681950357
182,lerwick,60.1545,-1.1494,44.6,82,17,7.11,GB,1681950358
183,punta arenas,-53.15,-70.9167,42.91,70,0,20.71,CL,1681950113
184,marquette,46.5333,-87.6335,31.44,79,100,4.0,US,1681950358
185,hirara,24.8,125.2833,79.07,89,75,24.16,JP,1681950359
186,argostolion,38.1811,20.489,55.49,87,19,6.76,GR,1681950359
187,avarua,-21.2078,-159.775,78.85,89,75,13.8,CK,1681950359
188,north nowra,-34.8581,150.5828,64.74,76,99,5.01,AU,1681950359
189,mayskiy,47.6931,40.1025,49.41,68,46,12.46,RU,1681950359
190,tsiombe,-25.3,45.4833,71.02,95,74,7.02,MG,1681950360
191,daru,-9.0763,143.2092,83.39,72,73,7.2,PG,1681950360
192,kasongo,-4.45,26.6667,69.01,98,64,3.62,CD,1681950360
193,st. paul,44.9444,-93.0933,43.32,78,100,16.11,US,1681950335
194,tiksi,71.6872,128.8694,-4.36,99,100,4.56,RU,1681950360
195,dakhla,23.6848,-15.958,65.37,87,1,12.01,EH,1681950360
196,selfoss,63.9331,-20.9971,45.09,92,32,5.97,IS,1681950360
197,afaahiti,-17.75,-149.2833,85.87,83,93,16.08,PF,1681950361
198,caleta de carquin,-11.0925,-77.6267,74.91,81,44,11.97,PE,1681950361
199,blacksburg,37.2296,-80.4139,69.78,50,0,3.44,US,1681950361
200,minas de marcona,-15.2119,-75.1103,61.63,79,34,10.58,PE,1681950361
201,mitsamiouli,-11.3847,43.2844,81.3,76,95,8.88,KM,1681950361
202,kyshtovka,56.555,76.6271,23.09,86,54,6.67,RU,1681950131
203,fale old settlement,-9.3852,-171.2468,82.87,69,71,3.58,TK,1681950362
204,hami,42.8,93.45,44.42,17,60,5.68,CN,1681950362
205,port lincoln,-34.7333,135.8667,61.81,57,94,6.55,AU,1681950362
206,grand falls-windsor,48.9332,-55.6649,37.51,93,100,1.01,CA,1681950363
207,luderitz,-26.6481,15.1594,59.59,81,77,7.2,NA,1681950363
208,divnomorskoye,44.5011,38.1353,53.87,95,99,0.65,RU,1681950364
209,sinabang,2.4803,96.3801,80.04,80,99,1.57,ID,1681950364
210,ropazi,56.9739,24.6336,46.54,66,14,7.65,LV,1681950364
211,sitka,57.0531,-135.33,53.49,40,75,11.5,US,1681950365
212,york,40.1254,-77.0,59.79,33,8,3.69,US,1681950365
213,luena,-11.7833,19.9167,66.38,72,5,5.75,AO,1681950366
214,invercargill,-46.4,168.35,58.5,69,90,4.0,NZ,1681950367
215,al 'amarah,31.8406,47.1396,77.77,21,28,6.71,IQ,1681950367
216,utrik,11.2278,169.8474,80.24,77,100,17.78,MH,1681950368
217,flying fish cove,-10.4217,105.6791,80.53,78,80,17.87,CX,1681950368
218,valparaiso,-33.0393,-71.6273,63.0,55,0,4.61,CL,1681950368
219,basco,20.4487,121.9702,79.99,84,44,14.97,PH,1681950369
220,hawaiian paradise park,19.5933,-154.9731,78.89,89,40,14.97,US,1681950370
221,labytnangi,66.6572,66.4183,11.62,93,100,3.98,RU,1681950370
222,puerto aysen,-45.4,-72.7,54.48,99,100,4.43,CL,1681950370
223,ancud,-41.8697,-73.8203,54.79,96,92,4.32,CL,1681950179
224,altamira,-3.2033,-52.2064,74.89,91,100,3.51,BR,1681950371
225,kilindoni,-7.9139,39.6668,79.18,84,100,15.08,TZ,1681950371
226,cidreira,-30.1811,-50.2056,59.29,66,54,16.8,BR,1681950371
227,murghob,38.1702,73.9667,22.87,91,100,3.67,TJ,1681950371
228,vorkuta,67.5,64.0,18.93,97,100,8.01,RU,1681950075
229,rongelap,11.1635,166.8941,79.39,82,100,20.94,MH,1681950372
230,vila franca do campo,37.7167,-25.4333,55.81,86,99,12.24,PT,1681950209
231,cannonvale,-20.2833,148.7,78.19,67,85,15.37,AU,1681950372
232,plastun,44.7561,136.2939,43.47,76,100,3.27,RU,1681950373
233,naze,28.3667,129.4833,70.72,96,100,1.14,JP,1681950373
234,otjiwarongo,-20.4637,16.6477,65.71,48,43,4.99,NA,1681950373
235,barra de santo antonio,-9.4047,-35.5072,78.08,82,20,10.11,BR,1681950373
236,verkhniye kigi,55.4083,58.6044,37.36,92,100,3.83,RU,1681950373
237,hithadhoo,-0.6,73.0833,83.19,72,100,5.55,MV,1681950374
238,nuuk,64.1835,-51.7216,29.88,93,100,10.0,GL,1681950090
239,ilhabela,-23.7781,-45.3581,70.86,79,94,0.34,BR,1681950375
240,navia,43.5354,-6.7194,54.05,85,47,3.38,ES,1681950375
241,iskateley,67.6803,53.1512,31.69,97,100,13.06,RU,1681950375
242,mocoa,1.1493,-76.6466,73.72,99,100,1.36,CO,1681950375
243,leh,34.1667,77.5833,30.29,93,99,5.48,IN,1681950376
244,alesund,62.4723,6.1549,45.75,89,25,11.5,NO,1681950376
245,tari,12.4086,4.4914,88.9,35,72,8.59,NG,1681950376
246,posto fiscal rolim de moura,-13.0833,-62.2667,74.61,96,100,2.21,BR,1681950377
247,nizhnesortymskiy,62.4397,71.7603,26.49,97,100,8.32,RU,1681950377
248,antonio enes,-16.2325,39.9086,74.07,85,17,6.85,MZ,1681950377
249,pocone,-16.2567,-56.6228,74.41,88,97,2.66,BR,1681950377
250,lebanon,36.2081,-86.2911,79.02,42,0,6.91,US,1681950378
251,nouadhibou,20.931,-17.0347,67.98,83,86,16.11,MR,1681950378
252,jiwani,25.05,61.7417,77.9,80,81,11.61,PK,1681950378
253,zarinsk,53.7074,84.9493,18.1,82,98,8.7,RU,1681950378
254,banff,51.1762,-115.5698,42.03,56,100,3.44,CA,1681950379
255,codrington,-38.2667,141.9667,58.42,75,92,9.53,AU,1681950379
256,susuman,62.7833,148.1667,21.07,75,100,10.07,RU,1681950379
257,akureyri,65.6835,-18.0878,51.73,66,0,11.5,IS,1681950380
258,itaituba,-4.2761,-55.9836,75.02,95,95,1.81,BR,1681950380
259,mhamid,29.82,-5.72,72.32,33,10,2.89,MA,1681950380
260,westport,41.1415,-73.3579,54.91,54,0,4.61,US,1681950380
261,launceston,-41.45,147.1667,58.8,79,75,17.27,AU,1681950378
262,xinqing,48.2333,129.5,43.45,63,88,17.11,CN,1681950381
263,rezh,57.37,61.4043,31.96,56,8,4.65,RU,1681950381
264,east london,-33.0153,27.9116,81.03,28,52,10.45,ZA,1681950381
265,ghanzi,-21.5667,21.7833,64.35,31,0,7.27,BW,1681950381
266,lazaro cardenas,17.9583,-102.2,81.43,67,29,9.1,MX,1681950128
267,duba,27.3513,35.6901,79.83,48,41,7.45,SA,1681950382
268,sechura,-5.5569,-80.8222,83.44,61,89,13.89,PE,1681950382
269,la sarre,48.8002,-79.1996,28.67,81,100,9.64,CA,1681950133
270,neiafu,-18.65,-173.9833,84.88,84,75,8.05,TO,1681950382
271,merowe,18.4833,31.8167,81.3,11,0,10.56,SD,1681950383
272,marathon,44.9,-89.7668,35.35,89,100,12.66,US,1681950383
273,mirny,62.5353,113.9611,21.24,41,100,8.99,RU,1681950217
274,colonia,50.9333,6.95,48.96,48,0,2.3,DE,1681950383
275,rio grande,-32.035,-52.0986,53.71,66,67,17.43,BR,1681950384
276,al ghayzah,16.2079,52.176,80.49,69,0,7.43,YE,1681950384
277,nizhneudinsk,54.9076,99.0276,20.64,60,97,3.87,RU,1681950384
278,cafayate,-26.073,-65.9761,61.84,55,2,2.15,AR,1681950384
279,fort bragg,35.139,-79.006,78.64,38,0,5.75,US,1681950384
280,strezhevoy,60.7333,77.5889,25.93,96,100,7.2,RU,1681950218
281,alice springs,-23.7,133.8833,62.15,55,0,16.11,AU,1681950385
282,watsa,3.0372,29.5355,64.24,98,97,1.61,CD,1681950385
283,kapuskasing,49.4169,-82.4331,32.09,74,75,17.27,CA,1681950386
284,butembo,0.15,29.2833,59.02,89,100,3.67,CD,1681950386
285,dunedin,-45.8742,170.5036,64.08,83,61,1.99,NZ,1681950386
286,touros,-5.1989,-35.4608,79.41,83,97,9.26,BR,1681950386
287,whakatane,-37.9585,176.9854,72.52,84,92,7.0,NZ,1681950387
288,heihe,50.2441,127.4902,34.38,83,100,11.63,CN,1681950387
289,yamada,39.4667,141.95,58.89,46,58,9.1,JP,1681950387
290,klaksvik,62.2266,-6.589,43.72,80,4,10.94,FO,1681950388
291,east ballina,-28.8667,153.5833,70.79,65,99,15.7,AU,1681950388
292,auki,-8.7676,160.7034,85.53,61,25,2.42,SB,1681950191
293,tazacorte,28.629,-17.9293,65.37,86,75,4.61,ES,1681950389
294,campos sales,-7.0744,-40.3761,69.1,90,100,1.54,BR,1681950389
295,zhangye,38.9342,100.4517,42.84,14,85,7.81,CN,1681950389
296,kiffa,16.6166,-11.4045,89.64,14,87,12.66,MR,1681950389
297,vadso,70.0744,29.7487,40.08,81,100,5.75,NO,1681950392
298,grootfontein,-19.5667,18.1167,63.77,37,23,3.53,NA,1681950392
299,garbahaarrey,3.3289,42.2209,80.58,72,67,10.89,SO,1681950392
300,kyzylorda,44.8528,65.5092,41.02,42,0,13.42,KZ,1681950393
301,baykalovo,57.3981,63.7684,30.76,59,2,6.71,RU,1681950393
302,hadibu,12.65,54.0333,80.53,76,12,5.41,YE,1681950394
303,miguelopolis,-20.1794,-48.0319,71.42,83,89,4.23,BR,1681950394
304,salekhard,66.53,66.6019,11.48,95,100,4.16,RU,1681950395
305,fort st. john,56.2499,-120.8529,40.89,60,75,8.05,CA,1681950395
306,horta,38.5333,-28.6333,53.02,72,69,4.0,PT,1681950144
307,uturoa,-16.7333,-151.4333,82.6,78,93,12.77,PF,1681950397
308,toliara,-23.35,43.6667,75.54,68,4,6.76,MG,1681950397
309,challapata,-18.9,-66.7667,50.14,18,3,4.32,BO,1681950397
310,golfito,8.639,-83.166,77.02,90,82,1.41,CR,1681950397
311,collie,-33.3667,116.15,56.05,54,0,5.32,AU,1681950397
312,progreso,21.2833,-89.6667,89.71,71,2,17.9,MX,1681950172
313,boden,65.8252,21.6886,46.4,100,100,2.8,SE,1681950398
314,natal,-5.795,-35.2094,81.25,89,20,5.75,BR,1681950398
315,camana,-16.6228,-72.7111,70.29,77,61,3.18,PE,1681950398
316,tocopilla,-22.092,-70.1979,67.5,79,25,3.4,CL,1681950399
317,changping,40.2186,116.2197,64.04,19,99,9.95,CN,1681950399
318,toropets,56.4978,31.6353,41.02,71,51,5.59,RU,1681950399
319,mizdah,31.4451,12.9801,69.98,24,43,7.76,LY,1681950399
320,narang mandi,31.9132,74.5176,67.96,81,57,5.12,PK,1681950400
321,holualoa,19.6228,-155.9522,71.78,93,100,31.07,US,1681950400
322,pangoa,-12.1167,-73.0,69.75,99,88,1.45,PE,1681950400
323,sanming,26.2486,117.6186,72.19,91,58,2.1,CN,1681950400
324,portland,45.5234,-122.6762,52.0,72,75,13.8,US,1681950103
325,lichinga,-13.3128,35.2406,64.49,94,40,5.75,MZ,1681950401
326,port moresby,-9.4431,147.1797,85.42,62,20,5.75,PG,1681950401
327,bandar-e genaveh,29.5791,50.517,74.03,51,79,2.71,IR,1681950401
328,saint-joseph,-21.3667,55.6167,74.46,82,26,11.88,RE,1681950401
329,enewetak,11.3474,162.3373,78.26,87,100,22.82,MH,1681950401
330,vrangel',42.7297,133.0839,43.11,98,100,2.8,RU,1681950401
331,tommot,58.9564,126.2925,25.11,90,99,6.26,RU,1681950402
332,garissa,-0.4536,39.6401,78.55,80,78,10.16,KE,1681950402
333,berezovyy,51.6667,135.7,34.11,75,100,9.1,RU,1681950402
334,la spezia,44.1105,9.8434,57.58,80,0,3.6,IT,1681950402
335,mantsala,60.6609,25.2838,38.7,84,77,2.3,FI,1681950402
336,takoradi,4.8845,-1.7554,78.03,85,98,5.61,GH,1681950402
337,extrema,-22.8547,-46.3183,59.16,77,85,5.48,BR,1681950403
338,wang nam yen,13.5033,102.1812,82.17,77,65,6.98,TH,1681950403
339,vilyuysk,63.7553,121.6247,24.6,93,92,4.38,RU,1681950403
340,kijang,35.2442,129.2139,69.53,79,7,5.23,KR,1681950403
341,bel ombre,-4.6167,55.4167,80.44,83,75,4.61,SC,1681950403
342,fendou,46.65,124.8667,42.55,17,64,28.95,CN,1681950404
343,chulym,55.0997,80.9572,24.84,68,81,7.58,RU,1681950404
344,egersund,58.4513,5.9997,48.09,70,2,3.09,NO,1681950404
345,kievka,50.2619,71.5514,25.07,77,8,6.67,KZ,1681950404
346,sao miguel do araguaia,-13.275,-50.1628,73.38,90,98,1.97,BR,1681950404
347,jacobina,-11.1806,-40.5183,74.14,74,68,2.01,BR,1681950404
348,hadjout,36.5126,2.4138,56.01,95,100,2.75,DZ,1681950404
349,sinop,41.7711,34.8709,47.97,97,92,2.68,TR,1681950405
350,san jose de jachal,-30.2406,-68.7469,65.28,25,32,2.28,AR,1681950405
351,quinte west,44.1834,-77.5662,42.33,55,75,8.05,CA,1681950405
352,yorkton,51.2167,-102.4677,26.44,86,100,24.16,CA,1681950374
353,alaghsas,17.0187,8.0168,84.7,14,25,4.29,NE,1681950405
354,bayanaul,50.7889,75.6956,9.59,90,6,2.26,KZ,1681950405
355,tomarza,38.4472,35.7992,53.24,91,48,7.11,TR,1681950405
356,namdrik,5.5994,168.1028,82.44,80,97,13.13,MH,1681950406
357,chui,-33.6971,-53.4616,58.78,67,59,13.09,UY,1681950406
358,debre werk',10.6667,38.1667,60.21,60,88,1.77,ET,1681950406
359,villa de soto,-30.8552,-64.9995,62.4,51,2,11.39,AR,1681950406
360,fortaleza,-3.7227,-38.5247,82.53,83,0,2.3,BR,1681950406
361,lebu,-37.6167,-73.65,54.64,94,78,14.65,CL,1681950406
362,la peca,-5.6111,-78.435,72.34,81,67,4.29,PE,1681950192
363,ola,59.5833,151.2833,32.59,80,98,11.54,RU,1681950406
364,guantanamo,20.1444,-75.2092,80.17,83,61,3.0,CU,1681950407
365,midelt,32.6852,-4.7451,54.18,63,89,7.56,MA,1681950407
366,at taraf,25.3628,49.725,73.94,37,100,0.58,SA,1681950407
367,severo-yeniseyskiy,60.3725,93.0408,7.32,96,96,3.89,RU,1681950407
368,remire-montjoly,4.9167,-52.2667,75.24,100,75,0.0,GF,1681950347
369,conde,-7.2597,-34.9075,80.06,89,40,5.75,BR,1681950407
370,neryungri,56.6709,124.6491,20.37,86,100,11.14,RU,1681950407
371,lyman,48.9884,37.8023,50.41,80,84,11.45,UA,1681950408
372,kostomuksha,64.571,30.5767,33.26,100,100,5.68,RU,1681950408
373,al jawf,29.5,38.75,74.61,32,95,5.7,SA,1681950408
374,chinchani,19.8667,72.7,82.09,70,1,7.29,IN,1681950408
375,gulf shores,30.246,-87.7008,72.07,65,0,1.99,US,1681950408
376,mahalapye,-23.1041,26.8142,60.49,46,0,7.31,BW,1681950409
377,lethem,3.3803,-59.7968,82.63,60,93,8.79,GY,1681950409
378,port blair,11.6667,92.75,81.37,76,30,7.11,IN,1681950409
379,viedma,-40.8135,-62.9967,62.67,54,0,5.39,AR,1681950409
380,mtwara,-10.2667,40.1833,75.2,92,100,8.97,TZ,1681950409
381,port alfred,-33.5906,26.891,76.68,46,93,9.17,ZA,1681950174
382,kismayo,-0.3582,42.5454,81.21,79,85,9.82,SO,1681950410
383,ryotsu-minato,38.0833,138.4333,61.41,71,2,8.39,JP,1681950410
384,ghat,24.9647,10.1728,74.28,13,35,7.78,LY,1681950410
385,tindouf,27.6711,-8.1474,62.44,62,36,21.34,DZ,1681950410
386,yengema,8.7167,-11.1667,75.69,84,51,2.8,SL,1681950410
387,binghamton,42.0987,-75.918,47.08,66,0,8.05,US,1681950163
388,broome,42.2506,-75.833,46.78,65,0,8.05,US,1681950193
389,wickenburg,33.9686,-112.7296,76.44,9,26,16.55,US,1681950190
390,andratx,39.5755,2.4202,54.45,69,100,0.67,ES,1681950411
391,hlukhiv,51.6782,33.9162,45.81,80,100,15.46,UA,1681950411
392,inari,68.906,27.0288,41.2,92,100,6.71,FI,1681950411
393,prince rupert,54.3161,-130.3201,46.49,72,75,11.5,CA,1681950411
394,le port,-20.9373,55.2919,76.96,93,21,7.34,RE,1681950411
395,bodaybo,57.8506,114.1933,20.34,80,100,2.24,RU,1681950411
396,i-n-salah,27.1935,2.4607,80.78,16,1,9.35,DZ,1681950412
397,kone,-21.0595,164.8658,82.89,63,0,2.28,NC,1681950412
398,ladysmith,48.9829,-123.8194,50.58,64,75,6.91,CA,1681950412
399,korhogo,9.45,-5.6333,81.52,52,90,7.0,CI,1681950412
400,molde,62.7375,7.1591,43.7,81,28,6.91,NO,1681950412
401,giddings,30.1827,-96.9364,77.23,69,75,6.91,US,1681950229
402,ngorongoro,-3.2397,35.4875,52.07,98,99,4.83,TZ,1681950412
403,kiunga,-6.1219,141.2906,82.72,73,98,1.45,PG,1681950412
404,katima mulilo,-17.5,24.2667,70.52,53,82,4.61,NA,1681950413
405,beardstown,40.0176,-90.4243,79.41,64,85,16.71,US,1681950413
406,san luis de la loma,17.2706,-100.8939,83.19,62,80,7.94,MX,1681950413
407,miass,55.045,60.1083,39.4,75,100,3.0,RU,1681950413
408,louhans,46.6667,5.1667,49.77,75,28,5.1,FR,1681950154
409,gadzhiyevo,69.2551,33.3362,37.51,91,100,21.18,RU,1681950413
410,baruun-urt,46.6806,113.2792,32.67,21,2,18.07,MN,1681950187
411,goz beida,13.95,20.55,84.36,14,0,4.29,TD,1681950414
412,kikwit,-5.041,18.8162,74.61,85,70,2.59,CD,1681950414
413,uzgen,40.7699,73.3007,41.29,58,74,4.52,KG,1681950414
414,peniche,39.3558,-9.3811,60.12,84,54,8.86,PT,1681950414
415,stroitel',50.7854,36.4831,46.22,75,75,8.95,RU,1681950415
416,lensk,60.7253,114.9278,23.76,65,100,5.28,RU,1681950415
417,centerport,40.8854,-73.3762,54.84,61,0,5.75,US,1681950415
418,egilsstadir,65.2653,-14.3948,42.71,81,0,4.61,IS,1681950415
419,glace bay,46.1969,-59.957,43.9,88,40,7.0,CA,1681950416
420,minas,-34.3759,-55.2377,53.49,82,89,8.16,UY,1681950416
421,anna regina,7.2644,-58.5077,78.37,81,22,9.53,GY,1681950417
422,mahajanga,-15.7167,46.3167,77.02,88,20,3.44,MG,1681950417
423,north haven,41.3909,-72.8595,51.84,56,0,4.61,US,1681950417
424,raduzhny,62.0961,77.475,21.43,97,100,6.2,RU,1681950417
425,bontang,0.1333,117.5,80.01,83,98,1.7,ID,1681950418
426,rajaori,33.3833,74.3,56.61,79,45,5.21,IN,1681950418
427,nemuro,43.3236,145.575,41.83,85,75,6.02,JP,1681950418
428,masvingo,-20.0637,30.8277,55.11,89,0,4.18,ZW,1681950418
429,kincardine,56.0667,-3.7167,45.55,90,1,5.57,GB,1681950419
430,turaif,31.6725,38.6637,66.45,52,40,11.5,SA,1681950419
431,yuzhno-kurilsk,44.0306,145.8556,44.94,74,38,4.41,RU,1681950419
432,khorugh,37.4897,71.553,33.6,91,97,2.08,TJ,1681950419
433,ginir,7.1333,40.7,57.06,88,4,5.28,ET,1681950419
434,winchester,51.0651,-1.3187,45.5,69,25,10.36,GB,1681950420
435,istaravshan,39.9142,69.0033,41.92,58,8,1.7,TJ,1681950420
436,midvagur,62.0511,-7.1939,43.63,75,0,2.3,FO,1681950420
437,maracacume,-2.0428,-45.9592,74.37,98,96,2.82,BR,1681950420
438,springbok,-29.6643,17.8865,51.58,68,98,5.08,ZA,1681950420
439,antsiranana,-12.2787,49.2917,77.56,78,93,11.54,MG,1681950420
440,katsuren-haebaru,26.3369,127.8719,77.77,92,100,11.5,JP,1681950421
441,yuzhnoural'sk,54.4418,61.2536,39.22,91,100,8.01,RU,1681950421
442,mahina,-17.5065,-149.489,87.57,66,75,16.11,PF,1681950300
443,san matias,-16.3667,-58.4,73.13,90,97,4.92,BO,1681950421
444,la ronge,55.1001,-105.2842,37.65,32,75,16.11,CA,1681950421
445,hilo,19.7297,-155.09,80.28,77,40,14.97,US,1681950175
446,chibougamau,49.9168,-74.3659,24.42,74,100,8.05,CA,1681950422
447,khorixas,-20.3667,14.9667,70.48,56,35,3.62,NA,1681950423
448,fiambala,-27.6871,-67.6149,64.38,43,0,4.34,AR,1681950424
449,akrehamn,59.2667,5.1833,45.21,61,8,5.75,NO,1681950425
450,shingu,33.7333,135.9833,68.0,77,100,5.84,JP,1681950425
451,isola di capo rizzuto,38.96,17.0933,53.19,76,4,5.01,IT,1681950425
452,buka,40.8108,69.1986,45.81,56,0,2.77,UZ,1681950426
453,tralee,52.2704,-9.7026,45.01,96,39,8.16,IE,1681950426
454,mmabatho,-25.85,25.6333,58.96,33,0,5.61,ZA,1681950426
455,mont-tremblant,46.1949,-74.6264,36.99,75,100,2.3,CA,1681950160
456,kavieng,-2.5744,150.7967,83.37,69,69,2.75,PG,1681950427
457,beira,-19.8436,34.8389,71.69,100,20,5.75,MZ,1681950428
458,mejit,10.2753,170.8646,80.2,81,98,17.96,MH,1681950428
459,bubaque,11.2833,-15.8333,78.53,72,27,19.71,GW,1681950429
460,vredendal,-31.6683,18.5012,60.58,77,100,7.67,ZA,1681950429
461,pasighat,28.0667,95.3333,75.88,59,83,4.63,IN,1681950430
462,merkezefendi,37.7918,29.0667,50.83,85,61,2.08,TR,1681950430
463,newman,37.3138,-121.0208,66.43,35,4,13.0,US,1681950431
464,guajara mirim,-10.7828,-65.3394,76.82,88,100,1.48,BR,1681950431
465,nova vicosa,-17.8919,-39.3719,80.13,89,64,10.54,BR,1681950431
466,loango,-4.6719,11.8312,80.78,85,98,2.39,CG,1681950431
467,kralendijk,12.15,-68.2667,78.78,78,20,14.97,BQ,1681950432
468,kapa'a,22.0752,-159.319,81.48,67,40,16.11,US,1681950432
469,zag,46.9441,99.165,22.96,20,5,2.8,MN,1681950433
470,chimore,-16.9833,-65.1333,67.55,99,100,0.67,BO,1681950433
471,guayaramerin,-10.8368,-65.3614,76.71,89,100,1.23,BO,1681950433
472,langxiang,46.95,128.8833,43.47,50,81,19.46,CN,1681950434
473,carutapera,-1.195,-46.02,76.35,92,100,3.65,BR,1681950434
474,kota kinabalu,5.9749,116.0724,84.18,70,20,5.01,MY,1681950231
475,recreo,-29.2818,-65.061,68.81,32,6,7.63,AR,1681950435
476,ryki,51.6257,21.9327,47.59,46,100,5.59,PL,1681950435
477,pulwama,33.874,74.8996,46.0,96,94,0.96,IN,1681950435
478,mount gambier,-37.8333,140.7667,59.65,74,99,6.31,AU,1681950228
479,zimatlan de alvarez,16.8667,-96.7833,70.05,64,100,27.63,MX,1681950436
480,agat village,13.3886,144.6585,85.75,69,55,1.99,GU,1681950436
481,lagoa,39.05,-27.9833,55.81,64,60,25.95,PT,1681950190
482,chateaudun,48.0833,1.3333,49.95,88,0,9.48,FR,1681950437
483,veinticinco de mayo,-35.4323,-60.1727,47.98,75,0,4.76,AR,1681950437
484,kill devil hills,36.0307,-75.676,62.6,89,0,0.0,US,1681950438
485,anloga,5.7947,0.8973,82.8,77,98,5.5,GH,1681950170
486,qala i naw,34.9874,63.1289,48.34,53,0,1.83,AF,1681950438
487,cova figueira,14.8905,-24.2934,68.47,79,69,11.54,CV,1681950439
488,pundong,-7.9522,110.3486,79.59,84,42,4.5,ID,1681950439
489,haffouz,35.6324,9.6762,60.03,67,83,1.39,TN,1681950439
490,lloydminster,53.2835,-110.0016,35.82,60,100,13.8,CA,1681950440
491,fortuna,40.5982,-124.1573,56.93,61,28,4.0,US,1681950401
492,ambasa,23.9172,91.8472,76.03,89,41,4.97,IN,1681950440
493,batamshinskiy,50.5594,58.2747,40.78,67,95,5.61,KZ,1681950441
494,avesta,60.1455,16.1679,32.59,64,2,0.92,SE,1681950441
495,pallisa,1.145,33.7094,65.37,94,98,4.9,UG,1681950442
496,dolgorukovo,52.3195,38.3453,47.35,57,100,10.38,RU,1681950443
497,kolonia town,6.964,158.206,82.51,83,100,10.36,FM,1681950443
498,castillos,-34.1667,-53.8333,57.87,69,82,12.95,UY,1681950443
499,kasane,-17.8167,25.15,65.48,60,56,2.33,BW,1681950443
500,sarandi del yi,-33.35,-55.6333,50.77,89,74,8.39,UY,1681950443
501,lyubymivka,46.8106,33.5686,46.17,96,90,7.72,UA,1681950444
502,tromso,69.6496,18.957,42.82,93,100,18.41,NO,1681950445
503,kayyerkan,69.3786,87.7439,7.3,71,98,5.26,RU,1681950445
504,las heras,-46.5419,-68.9359,57.99,65,100,11.5,AR,1681950445
505,bac lieu,9.285,105.7244,83.64,74,53,8.63,VN,1681950445
506,carauari,-4.8828,-66.8958,78.71,83,96,3.13,BR,1681950446
507,mount isa,-20.7333,139.5,78.57,27,63,17.27,AU,1681950446
508,damavand,35.7178,52.065,51.12,50,1,1.05,IR,1681950446
509,kalawit,8.0667,122.5167,83.5,74,67,3.0,PH,1681950446
510,saint-pierre,-21.3393,55.4781,75.56,78,14,4.61,RE,1681950447
511,padang,-0.9492,100.3543,75.25,85,100,3.76,ID,1681950163
512,novaya igirma,57.1334,103.9112,16.93,82,100,9.57,RU,1681950447
513,kalemie,-5.9475,29.1947,72.34,84,26,5.37,CD,1681950447
514,chinchilla,-26.75,150.6333,72.52,46,4,9.4,AU,1681950448
515,axim,4.8699,-2.2405,79.29,85,98,3.87,GH,1681950448
516,okhotsk,59.3833,143.3,28.11,71,38,8.61,RU,1681950448
517,thunder bay,48.4001,-89.3168,39.18,38,100,8.05,CA,1681950361
518,verdal,63.7933,11.4817,37.44,79,66,1.83,NO,1681950395
519,tadine,-21.55,167.8833,81.12,73,24,5.17,NC,1681950449
520,ankang,32.68,109.0172,73.8,69,45,3.4,CN,1681950449
521,spring creek,40.7266,-115.5859,42.49,33,85,12.66,US,1681950450
522,barreirinhas,-2.7469,-42.8264,77.07,87,100,2.42,BR,1681950450
523,nuku'alofa,-21.1333,-175.2,79.14,89,75,19.57,TO,1681950450
524,katpur,21.05,71.7833,82.54,45,12,11.83,IN,1681950450
525,kostyantynivka,48.5277,37.7069,48.02,92,63,8.99,UA,1681950451
526,bargaal,11.2864,51.0773,79.0,80,31,2.15,SO,1681950451
527,chengde,40.9725,117.9361,55.65,35,100,9.53,CN,1681950452
528,slyudyanka,51.6594,103.7061,17.89,59,7,2.8,RU,1681950452
529,urengoy,65.9667,78.3667,4.15,98,94,4.68,RU,1681950452
530,la'ie,21.6477,-157.9253,84.88,59,99,4.0,US,1681950453
531,tizimin,21.15,-88.15,79.97,59,4,10.87,MX,1681950453
532,howard springs,-12.497,131.047,82.31,72,41,5.77,AU,1681950454
533,chernyshevskiy,63.0128,112.4714,14.99,83,100,5.26,RU,1681950454
534,loiza,18.4313,-65.8802,80.08,77,20,11.5,PR,1681950455
535,ar ruways,24.1103,52.7306,74.03,65,81,7.43,AE,1681950455
536,emporia,38.4039,-96.1817,77.2,57,0,24.16,US,1681950455
537,zapata,26.9073,-99.2714,84.31,58,75,12.66,US,1681950456
538,mount pearl,47.5166,-52.7813,34.84,95,100,17.27,CA,1681950456
539,weno,7.4515,151.8468,80.26,82,100,18.54,FM,1681950456
540,conceicao das alagoas,-19.9147,-48.3883,71.38,83,97,4.65,BR,1681950456
541,dhuusamarreeb,5.535,46.3861,81.19,66,98,11.63,SO,1681950457
542,pauini,-7.7136,-66.9764,76.12,85,78,1.68,BR,1681950457
543,ruokolahti,61.2833,28.8333,41.31,71,100,3.85,FI,1681950457
544,caconda,-13.7333,15.0667,60.64,81,69,3.89,AO,1681950457
545,suntar,62.1444,117.6319,24.1,88,100,7.58,RU,1681950458
546,albertina,-22.2008,-46.6158,58.17,93,92,4.09,BR,1681950458
547,spinazzola,40.9671,16.0916,44.19,89,16,3.87,IT,1681950458
548,baker city,44.7749,-117.8344,38.59,87,100,10.36,US,1681950458
549,lakatoro,-16.0999,167.4164,83.07,71,74,5.46,VU,1681950458
550,malmslatt,58.411,15.5165,32.05,80,4,1.14,SE,1681950459
551,saacow,1.6279,42.4407,78.53,83,64,6.04,SO,1681950459
552,quellon,-43.1167,-73.6167,55.65,100,100,0.0,CL,1681950459
553,wynyard,-41.0,145.7167,60.98,79,96,10.31,AU,1681950460
554,tataouine,32.9297,10.4518,68.41,50,75,5.48,TN,1681950460
555,mossel bay,-34.1831,22.146,63.57,82,71,7.25,ZA,1681950460
556,grand-lahou,5.1367,-5.0242,80.82,86,86,7.25,CI,1681950232
557,dryden,49.7833,-92.7503,39.49,33,100,12.66,CA,1681950460
558,sao joaquim,-28.2939,-49.9317,41.99,90,90,8.34,BR,1681950461
559,tamanrasset,22.785,5.5228,66.11,13,0,4.61,DZ,1681950461
560,bryne,58.7354,5.6477,47.95,69,2,0.0,NO,1681950461
561,lubango,-14.9172,13.4925,66.06,72,75,2.3,AO,1681950319
562,tucuma,-0.1833,-50.05,75.97,91,100,3.91,BR,1681950461
563,salinopolis,-0.6136,-47.3561,77.83,88,98,4.85,BR,1681950461
564,mashhad,36.297,59.6062,44.74,39,0,0.0,IR,1681950461
565,villa ojo de agua,-29.5,-63.6938,61.09,50,1,7.92,AR,1681950462
566,maues,-3.3836,-57.7186,76.19,91,90,2.68,BR,1681950462
567,souillac,-20.5167,57.5167,79.18,83,75,11.5,MU,1681950462
568,yeraliyev,43.2,51.65,57.04,22,45,19.57,KZ,1681950462
